{
	"class_name" : "PinholeCameraParameters",
	"extrinsic" : 
	[
		-0.093976648534421461,
		0.28513894403982359,
		0.95386800560774254,
		0.0,
		-0.99398546804280286,
		0.027236778141410147,
		-0.1060709537819184,
		0.0,
		-0.056225250999600594,
		-0.95809912874834102,
		0.28086434562204926,
		0.0,
		-0.015107423282350995,
		-0.078878859995952066,
		0.88271269086200532,
		1.0
	],
	"intrinsic" : 
	{
		"height" : 720,
		"intrinsic_matrix" : 
		[
			623.53829072479584,
			0.0,
			0.0,
			0.0,
			623.53829072479584,
			0.0,
			639.5,
			359.5,
			1.0
		],
		"width" : 1280
	},
	"version_major" : 1,
	"version_minor" : 0
}